frame,shepherd,frame_bboxes,min_distance,max_distance,avg_distance,furthest_sheep_distance
0,robot,[],,,,
1,robot,[],,,,
2,robot,[],,,,
3,robot,[],,,,
4,robot,[],,,,
5,robot,[],,,,
6,robot,[],,,,
7,robot,[],,,,
8,robot,[],,,,
9,robot,[],,,,
10,robot,[],,,,
11,robot,[],,,,
12,robot,[],,,,
13,robot,[],,,,
14,robot,[],,,,
15,robot,[],,,,
16,robot,[],,,,
17,robot,[],,,,
18,robot,[],,,,
19,robot,[],,,,
20,robot,[],,,,
21,robot,[],,,,
22,robot,[],,,,
23,robot,[],,,,
24,robot,[],,,,
25,robot,[],,,,
26,robot,[],,,,
27,robot,[],,,,
28,robot,[],,,,
29,robot,[],,,,
30,robot,[],,,,
31,robot,[],,,,
32,robot,[],,,,
33,robot,[],,,,
34,robot,[],,,,
35,robot,[],,,,
36,robot,[],,,,
37,robot,[],,,,
38,robot,[],,,,
39,robot,[],,,,
40,robot,[],,,,
41,robot,[],,,,
42,robot,[],,,,
43,robot,[],,,,
44,robot,[],,,,
45,robot,[],,,,
46,robot,[],,,,
47,robot,[],,,,
48,robot,[],,,,
49,robot,[],,,,
50,robot,[],,,,
51,robot,[],,,,
52,robot,[],,,,
53,robot,[],,,,
54,robot,[],,,,
55,robot,[],,,,
56,robot,[],,,,
57,robot,[],,,,
58,robot,[],,,,
59,robot,[],,,,
60,robot,[],,,,
61,robot,[],,,,
62,robot,[],,,,
63,robot,[],,,,
64,robot,[],,,,
65,robot,[],,,,
66,robot,[],,,,
67,robot,[],,,,
68,robot,[],,,,
69,robot,[],,,,
70,robot,[],,,,
71,robot,[],,,,
72,robot,[],,,,
73,robot,[],,,,
74,robot,[],,,,
75,robot,[],,,,
76,robot,[],,,,
77,robot,[],,,,
78,robot,[],,,,
79,robot,[],,,,
80,robot,[],,,,
81,robot,[],,,,
82,robot,[],,,,
83,robot,[],,,,
84,robot,[],,,,
85,robot,[],,,,
86,robot,[],,,,
87,robot,[],,,,
88,robot,[],,,,
89,robot,[],,,,
90,robot,[],,,,
91,robot,[],,,,
92,robot,[],,,,
93,robot,[],,,,
94,robot,[],,,,
95,robot,[],,,,
96,robot,[],,,,
97,robot,[],,,,
98,robot,[],,,,
99,robot,[],,,,
100,robot,[],,,,
101,robot,[],,,,
102,robot,[],,,,
103,robot,[],,,,
104,robot,[],,,,
105,robot,[],,,,
106,robot,[],,,,
107,robot,[],,,,
108,robot,[],,,,
109,robot,[],,,,
110,robot,[],,,,
111,robot,[],,,,
112,robot,[],,,,
113,robot,[],,,,
114,robot,[],,,,
115,robot,[],,,,
116,robot,[],,,,
117,robot,[],,,,
118,robot,[],,,,
119,robot,[],,,,
120,robot,[],,,,
121,robot,[],,,,
122,robot,[],,,,
123,robot,[],,,,
124,robot,[],,,,
125,robot,[],,,,
126,robot,[],,,,
127,robot,[],,,,
128,robot,[],,,,
129,robot,[],,,,
130,robot,[],,,,
131,robot,[],,,,
132,robot,[],,,,
133,robot,[],,,,
134,robot,[],,,,
135,robot,[],,,,
136,robot,[],,,,
137,robot,[],,,,
138,robot,[],,,,
139,robot,[],,,,
140,robot,[],,,,
141,robot,[],,,,
142,robot,[],,,,
143,robot,[],,,,
144,robot,[],,,,
145,robot,[],,,,
146,robot,[],,,,
147,robot,[],,,,
148,robot,[],,,,
149,robot,[],,,,
150,robot,[],,,,
151,robot,[],,,,
152,robot,[],,,,
153,robot,[],,,,
154,robot,[],,,,
155,robot,[],,,,
156,robot,[],,,,
157,robot,[],,,,
158,robot,[],,,,
159,robot,[],,,,
160,robot,[],,,,
161,robot,[],,,,
162,robot,[],,,,
163,robot,[],,,,
164,robot,[],,,,
165,robot,[],,,,
166,robot,[],,,,
167,robot,[],,,,
168,robot,[],,,,
169,robot,[],,,,
170,robot,[],,,,
171,robot,[],,,,
172,robot,[],,,,
173,robot,[],,,,
174,robot,[],,,,
175,robot,[],,,,
176,robot,[],,,,
177,robot,[],,,,
178,robot,[],,,,
179,robot,[],,,,
180,robot,[],,,,
181,robot,[],,,,
182,robot,[],,,,
183,robot,[],,,,
184,robot,[],,,,
185,robot,[],,,,
186,robot,[],,,,
187,robot,[],,,,
188,robot,[],,,,
189,robot,[],,,,
190,robot,[],,,,
191,robot,[],,,,
192,robot,[],,,,
193,robot,[],,,,
194,robot,[],,,,
195,robot,[],,,,
196,robot,[],,,,
197,robot,[],,,,
198,robot,[],,,,
199,robot,[],,,,
200,robot,[],,,,
201,robot,[],,,,
202,robot,[],,,,
203,robot,[],,,,
204,robot,[],,,,
205,robot,[],,,,
206,robot,[],,,,
207,robot,[],,,,
208,robot,[],,,,
209,robot,[],,,,
210,robot,[],,,,
211,robot,[],,,,
212,robot,[],,,,
213,robot,[],,,,
214,robot,[],,,,
215,robot,[],,,,
216,robot,[],,,,
217,robot,[],,,,
218,robot,[],,,,
219,robot,[],,,,
220,robot,[],,,,
221,robot,[],,,,
222,robot,[],,,,
223,robot,[],,,,
224,robot,[],,,,
225,robot,[],,,,
226,robot,[],,,,
227,robot,[],,,,
228,robot,[],,,,
229,robot,[],,,,
230,robot,[],,,,
231,robot,[],,,,
232,robot,[],,,,
233,robot,[],,,,
234,robot,[],,,,
235,robot,[],,,,
236,robot,[],,,,
237,robot,[],,,,
238,robot,[],,,,
239,robot,[],,,,
240,robot,[],,,,
241,robot,[],,,,
242,robot,[],,,,
243,robot,[],,,,
244,robot,[],,,,
245,robot,[],,,,
246,robot,[],,,,
247,robot,[],,,,
248,robot,[],,,,
249,robot,[],,,,
250,robot,[],,,,
251,robot,[],,,,
252,robot,[],,,,
253,robot,[],,,,
254,robot,[],,,,
255,robot,[],,,,
256,robot,[],,,,
257,robot,[],,,,
258,robot,[],,,,
259,robot,[],,,,
260,robot,[],,,,
261,robot,[],,,,
262,robot,[],,,,
263,robot,[],,,,
264,robot,[],,,,
265,robot,[],,,,
266,robot,[],,,,
267,robot,[],,,,
268,robot,[],,,,
269,robot,[],,,,
270,robot,[],,,,
271,robot,[],,,,
272,robot,[],,,,
273,robot,[],,,,
274,robot,[],,,,
275,robot,[],,,,
276,robot,[],,,,
277,robot,[],,,,
278,robot,[],,,,
279,robot,[],,,,
280,robot,[],,,,
281,robot,[],,,,
282,robot,[],,,,
283,robot,[],,,,
284,robot,[],,,,
285,robot,[],,,,
286,robot,[],,,,
287,robot,[],,,,
288,robot,[],,,,
289,robot,[],,,,
290,robot,[],,,,
291,robot,[],,,,
292,robot,[],,,,
293,robot,[],,,,
294,robot,[],,,,
295,robot,[],,,,
296,robot,[],,,,
297,robot,[],,,,
298,robot,[],,,,
299,robot,[],,,,
300,robot,[],,,,
301,robot,[],,,,
302,robot,[],,,,
303,robot,[],,,,
304,robot,[],,,,
305,robot,[],,,,
306,robot,[],,,,
307,robot,[],,,,
308,robot,[],,,,
309,robot,[],,,,
310,robot,[],,,,
311,robot,[],,,,
312,robot,[],,,,
313,robot,[],,,,
314,robot,[],,,,
315,robot,[],,,,
316,robot,[],,,,
317,robot,[],,,,
318,robot,[],,,,
319,robot,[],,,,
320,robot,[],,,,
321,robot,[],,,,
322,robot,[],,,,
323,robot,[],,,,
324,robot,[],,,,
325,robot,[],,,,
326,robot,[],,,,
327,robot,[],,,,
328,robot,[],,,,
329,robot,[],,,,
330,robot,[],,,,
331,robot,[],,,,
332,robot,[],,,,
333,robot,[],,,,
334,robot,[],,,,
335,robot,[],,,,
336,robot,[],,,,
337,robot,[],,,,
338,robot,[],,,,
339,robot,[],,,,
340,robot,[],,,,
341,robot,[],,,,
342,robot,[],,,,
343,robot,[],,,,
344,robot,[],,,,
345,robot,[],,,,
346,robot,[],,,,
347,robot,[],,,,
348,robot,[],,,,
349,robot,[],,,,
350,robot,[],,,,
351,robot,[],,,,
352,robot,[],,,,
353,robot,[],,,,
354,robot,[],,,,
355,robot,[],,,,
356,robot,[],,,,
357,robot,[],,,,
358,robot,[],,,,
359,robot,[],,,,
360,robot,[],,,,
361,robot,[],,,,
362,robot,[],,,,
363,robot,[],,,,
364,robot,[],,,,
365,robot,[],,,,
366,robot,[],,,,
367,robot,[],,,,
368,robot,[],,,,
369,robot,[],,,,
370,robot,[],,,,
371,robot,[],,,,
372,robot,[],,,,
373,robot,[],,,,
374,robot,[],,,,
375,robot,[],,,,
376,robot,[],,,,
377,robot,[],,,,
378,robot,[],,,,
379,robot,[],,,,
380,robot,[],,,,
381,robot,[],,,,
382,robot,[],,,,
383,robot,[],,,,
384,robot,[],,,,
385,robot,[],,,,
386,robot,[],,,,
387,robot,[],,,,
388,robot,[],,,,
389,robot,[],,,,
390,robot,[],,,,
391,robot,[],,,,
392,robot,[],,,,
393,robot,[],,,,
394,robot,[],,,,
395,robot,[],,,,
396,robot,[],,,,
397,robot,[],,,,
398,robot,[],,,,
399,robot,[],,,,
400,robot,[],,,,
401,robot,[],,,,
402,robot,[],,,,
403,robot,[],,,,
404,robot,[],,,,
405,robot,[],,,,
406,robot,[],,,,
407,robot,[],,,,
408,robot,[],,,,
409,robot,[],,,,
410,robot,[],,,,
411,robot,[],,,,
412,robot,[],,,,
413,robot,[],,,,
414,robot,[],,,,
415,robot,[],,,,
416,robot,[],,,,
417,robot,[],,,,
418,robot,[],,,,
419,robot,[],,,,
420,robot,[],,,,
421,robot,[],,,,
422,robot,[],,,,
423,robot,[],,,,
424,robot,[],,,,
425,robot,[],,,,
426,robot,[],,,,
427,robot,[],,,,
428,robot,[],,,,
429,robot,[],,,,
430,robot,[],,,,
431,robot,[],,,,
432,robot,[],,,,
433,robot,[],,,,
434,robot,[],,,,
435,robot,[],,,,
436,robot,[],,,,
437,robot,[],,,,
438,robot,[],,,,
439,robot,[],,,,
440,robot,[],,,,
441,robot,[],,,,
442,robot,[],,,,
443,robot,[],,,,
444,robot,[],,,,
445,robot,[],,,,
446,robot,[],,,,
447,robot,[],,,,
448,robot,[],,,,
449,robot,[],,,,
450,robot,[],,,,
451,robot,[],,,,
452,robot,[],,,,
453,robot,[],,,,
454,robot,[],,,,
455,robot,[],,,,
456,robot,[],,,,
457,robot,[],,,,
458,robot,[],,,,
459,robot,[],,,,
460,robot,[],,,,
461,robot,[],,,,
462,robot,[],,,,
463,robot,[],,,,
464,robot,[],,,,
465,robot,[],,,,
466,robot,[],,,,
467,robot,[],,,,
468,robot,[],,,,
469,robot,[],,,,
470,robot,[],,,,
471,robot,[],,,,
472,robot,[],,,,
473,robot,[],,,,
474,robot,[],,,,
475,robot,[],,,,
476,robot,[],,,,
477,robot,[],,,,
478,robot,[],,,,
479,robot,[],,,,
480,robot,[],,,,
481,robot,[],,,,
482,robot,[],,,,
483,robot,[],,,,
484,robot,[],,,,
485,robot,[],,,,
486,robot,[],,,,
487,robot,[],,,,
488,robot,[],,,,
489,robot,[],,,,
490,robot,[],,,,
491,robot,[],,,,
492,robot,[],,,,
493,robot,[],,,,
494,robot,[],,,,
495,robot,[],,,,
496,robot,[],,,,
497,robot,[],,,,
498,robot,[],,,,
499,robot,[],,,,
500,robot,[],,,,
501,robot,[],,,,
502,robot,[],,,,
503,robot,[],,,,
504,robot,[],,,,
505,robot,[],,,,
506,robot,[],,,,
507,robot,[],,,,
508,robot,[],,,,
509,robot,[],,,,
510,robot,[],,,,
511,robot,[],,,,
512,robot,[],,,,
513,robot,[],,,,
514,robot,[],,,,
515,robot,[],,,,
516,robot,[],,,,
517,robot,[],,,,
518,robot,[],,,,
519,robot,[],,,,
520,robot,[],,,,
521,robot,[],,,,
522,robot,[],,,,
523,robot,[],,,,
524,robot,[],,,,
525,robot,[],,,,
526,robot,[],,,,
527,robot,[],,,,
528,robot,[],,,,
529,robot,[],,,,
530,robot,[],,,,
531,robot,[],,,,
532,robot,[],,,,
533,robot,[],,,,
534,robot,[],,,,
535,robot,[],,,,
536,robot,[],,,,
537,robot,[],,,,
538,robot,[],,,,
539,robot,[],,,,
540,robot,[],,,,
541,robot,[],,,,
542,robot,[],,,,
543,robot,[],,,,
544,robot,[],,,,
545,robot,[],,,,
546,robot,[],,,,
547,robot,[],,,,
548,robot,[],,,,
549,robot,[],,,,
550,robot,[],,,,
551,robot,[],,,,
552,robot,[],,,,
553,robot,[],,,,
554,robot,[],,,,
555,robot,[],,,,
556,robot,[],,,,
557,robot,[],,,,
558,robot,[],,,,
559,robot,[],,,,
560,robot,[],,,,
561,robot,[],,,,
562,robot,[],,,,
563,robot,[],,,,
564,robot,[],,,,
565,robot,[],,,,
566,robot,[],,,,
567,robot,[],,,,
568,robot,[],,,,
569,robot,[],,,,
570,robot,[],,,,
571,robot,[],,,,
572,robot,[],,,,
573,robot,[],,,,
574,robot,[],,,,
575,robot,[],,,,
576,robot,[],,,,
577,robot,[],,,,
578,robot,[],,,,
579,robot,[],,,,
580,robot,[],,,,
581,robot,[],,,,
582,robot,[],,,,
583,robot,[],,,,
584,robot,[],,,,
585,robot,[],,,,
586,robot,[],,,,
587,robot,[],,,,
588,robot,[],,,,
589,robot,[],,,,
590,robot,[],,,,
591,robot,[],,,,
592,robot,[],,,,
593,robot,[],,,,
594,robot,[],,,,
595,robot,[],,,,
596,robot,[],,,,
597,robot,[],,,,
598,robot,[],,,,
599,robot,[],,,,
600,robot,[],,,,
601,robot,[],,,,
602,robot,[],,,,
603,robot,[],,,,
604,robot,[],,,,
605,robot,[],,,,
606,robot,[],,,,
607,robot,[],,,,
608,robot,[],,,,
609,robot,[],,,,
610,robot,[],,,,
611,robot,[],,,,
612,robot,[],,,,
613,robot,[],,,,
614,robot,[],,,,
615,robot,[],,,,
616,robot,[],,,,
617,robot,[],,,,
618,robot,[],,,,
619,robot,[],,,,
620,robot,[],,,,
621,robot,[],,,,
622,robot,[],,,,
623,robot,[],,,,
624,robot,[],,,,
625,robot,[],,,,
626,robot,[],,,,
627,robot,[],,,,
628,robot,[],,,,
629,robot,[],,,,
630,robot,[],,,,
631,robot,[],,,,
632,robot,[],,,,
633,robot,[],,,,
634,robot,[],,,,
635,robot,[],,,,
636,robot,[],,,,
637,robot,[],,,,
638,robot,[],,,,
639,robot,[],,,,
640,robot,[],,,,
641,robot,[],,,,
642,robot,[],,,,
643,robot,[],,,,
644,robot,[],,,,
645,robot,[],,,,
646,robot,[],,,,
647,robot,[],,,,
648,robot,[],,,,
649,robot,[],,,,
650,robot,[],,,,
651,robot,[],,,,
652,robot,[],,,,
653,robot,[],,,,
654,robot,[],,,,
655,robot,[],,,,
656,robot,[],,,,
657,robot,[],,,,
658,robot,[],,,,
659,robot,[],,,,
660,robot,[],,,,
661,robot,[],,,,
662,robot,[],,,,
663,robot,[],,,,
664,robot,[],,,,
665,robot,[],,,,
666,robot,[],,,,
667,robot,[],,,,
668,robot,[],,,,
669,robot,[],,,,
670,robot,[],,,,
671,robot,[],,,,
672,robot,[],,,,
673,robot,[],,,,
674,robot,[],,,,
675,robot,[],,,,
676,robot,[],,,,
677,robot,[],,,,
678,robot,[],,,,
679,robot,[],,,,
680,robot,[],,,,
681,robot,[],,,,
682,robot,[],,,,
683,robot,[],,,,
684,robot,[],,,,
685,robot,[],,,,
686,robot,[],,,,
687,robot,[],,,,
688,robot,[],,,,
689,robot,[],,,,
690,robot,[],,,,
691,robot,[],,,,
692,robot,[],,,,
693,robot,[],,,,
694,robot,[],,,,
695,robot,[],,,,
696,robot,[],,,,
697,robot,[],,,,
698,robot,[],,,,
699,robot,[],,,,
700,robot,[],,,,
701,robot,[],,,,
702,robot,[],,,,
703,robot,[],,,,
704,robot,[],,,,
705,robot,[],,,,
706,robot,[],,,,
707,robot,[],,,,
708,robot,[],,,,
709,robot,[],,,,
710,robot,[],,,,
711,robot,[],,,,
712,robot,[],,,,
713,robot,[],,,,
714,robot,[],,,,
715,robot,[],,,,
716,robot,[],,,,
717,robot,[],,,,
718,robot,[],,,,
719,robot,[],,,,
720,robot,[],,,,
721,robot,[],,,,
722,robot,[],,,,
723,robot,[],,,,
724,robot,[],,,,
725,robot,[],,,,
726,robot,[],,,,
727,robot,[],,,,
728,robot,[],,,,
729,robot,[],,,,
730,robot,[],,,,
731,robot,[],,,,
732,robot,[],,,,
733,robot,[],,,,
734,robot,[],,,,
735,robot,[],,,,
736,robot,[],,,,
737,robot,[],,,,
738,robot,[],,,,
739,robot,[],,,,
740,robot,[],,,,
741,robot,[],,,,
742,robot,[],,,,
743,robot,[],,,,
744,robot,[],,,,
745,robot,[],,,,
746,robot,[],,,,
747,robot,[],,,,
748,robot,[],,,,
749,robot,[],,,,
750,robot,[],,,,
751,robot,[],,,,
752,robot,[],,,,
753,robot,[],,,,
754,robot,[],,,,
755,robot,[],,,,
756,robot,[],,,,
757,robot,[],,,,
758,robot,[],,,,
759,robot,[],,,,
760,robot,[],,,,
761,robot,[],,,,
762,robot,[],,,,
763,robot,[],,,,
764,robot,[],,,,
765,robot,[],,,,
766,robot,[],,,,
767,robot,[],,,,
768,robot,[],,,,
769,robot,[],,,,
770,robot,[],,,,
771,robot,[],,,,
772,robot,[],,,,
773,robot,[],,,,
774,robot,[],,,,
775,robot,[],,,,
776,robot,[],,,,
777,robot,[],,,,
778,robot,[],,,,
779,robot,[],,,,
780,robot,[],,,,
781,robot,[],,,,
782,robot,[],,,,
783,robot,[],,,,
784,robot,[],,,,
785,robot,[],,,,
786,robot,[],,,,
787,robot,[],,,,
788,robot,[],,,,
789,robot,[],,,,
790,robot,[],,,,
791,robot,[],,,,
792,robot,[],,,,
793,robot,[],,,,
794,robot,[],,,,
795,robot,[],,,,
796,robot,[],,,,
797,robot,[],,,,
798,robot,[],,,,
799,robot,[],,,,
800,robot,[],,,,
801,robot,[],,,,
802,robot,[],,,,
803,robot,[],,,,
804,robot,[],,,,
805,robot,[],,,,
806,robot,[],,,,
807,robot,[],,,,
808,robot,[],,,,
809,robot,[],,,,
810,robot,[],,,,
811,robot,[],,,,
812,robot,[],,,,
813,robot,[],,,,
814,robot,[],,,,
815,robot,[],,,,
816,robot,[],,,,
817,robot,[],,,,
818,robot,[],,,,
819,robot,[],,,,
820,robot,[],,,,
821,robot,[],,,,
822,robot,[],,,,
823,robot,[],,,,
824,robot,[],,,,
825,robot,[],,,,
826,robot,[],,,,
827,robot,[],,,,
828,robot,[],,,,
829,robot,[],,,,
830,robot,[],,,,
831,robot,[],,,,
832,robot,[],,,,
833,robot,[],,,,
834,robot,[],,,,
835,robot,[],,,,
836,robot,[],,,,
837,robot,[],,,,
838,robot,[],,,,
839,robot,[],,,,
840,robot,[],,,,
841,robot,[],,,,
842,robot,[],,,,
843,robot,[],,,,
844,robot,[],,,,
845,robot,[],,,,
846,robot,[],,,,
847,robot,[],,,,
848,robot,[],,,,
849,robot,[],,,,
850,robot,[],,,,
851,robot,[],,,,
852,robot,[],,,,
853,robot,[],,,,
854,robot,[],,,,
855,robot,[],,,,
856,robot,[],,,,
857,robot,[],,,,
858,robot,[],,,,
859,robot,[],,,,
860,robot,[],,,,
861,robot,[],,,,
862,robot,[],,,,
863,robot,[],,,,
864,robot,[],,,,
865,robot,[],,,,
866,robot,[],,,,
867,robot,[],,,,
868,robot,[],,,,
869,robot,[],,,,
870,robot,[],,,,
871,robot,[],,,,
872,robot,[],,,,
873,robot,[],,,,
874,robot,[],,,,
875,robot,[],,,,
876,robot,[],,,,
877,robot,[],,,,
878,robot,[],,,,
879,robot,[],,,,
880,robot,[],,,,
881,robot,[],,,,
882,robot,[],,,,
883,robot,[],,,,
884,robot,[],,,,
885,robot,[],,,,
886,robot,[],,,,
887,robot,[],,,,
888,robot,[],,,,
889,robot,[],,,,
890,robot,[],,,,
891,robot,[],,,,
892,robot,[],,,,
893,robot,[],,,,
894,robot,[],,,,
895,robot,[],,,,
896,robot,[],,,,
897,robot,[],,,,
898,robot,[],,,,
899,robot,[],,,,
900,robot,[],,,,
901,robot,[],,,,
902,robot,[],,,,
903,robot,[],,,,
904,robot,[],,,,
905,robot,[],,,,
906,robot,[],,,,
907,robot,[],,,,
908,robot,[],,,,
909,robot,[],,,,
910,robot,[],,,,
911,robot,[],,,,
912,robot,[],,,,
913,robot,[],,,,
914,robot,[],,,,
915,robot,[],,,,
916,robot,[],,,,
917,robot,[],,,,
918,robot,[],,,,
919,robot,[],,,,
920,robot,[],,,,
921,robot,[],,,,
922,robot,[],,,,
923,robot,[],,,,
924,robot,[],,,,
925,robot,[],,,,
926,robot,[],,,,
927,robot,[],,,,
928,robot,[],,,,
929,robot,[],,,,
930,robot,[],,,,
931,robot,[],,,,
932,robot,[],,,,
933,robot,[],,,,
934,robot,[],,,,
935,robot,[],,,,
936,robot,[],,,,
937,robot,[],,,,
938,robot,[],,,,
939,robot,[],,,,
940,robot,[],,,,
941,robot,[],,,,
942,robot,[],,,,
943,robot,[],,,,
944,robot,[],,,,
945,robot,[],,,,
946,robot,[],,,,
947,robot,[],,,,
948,robot,[],,,,
949,robot,[],,,,
950,robot,[],,,,
951,robot,[],,,,
952,robot,[],,,,
953,robot,[],,,,
954,robot,[],,,,
955,robot,[],,,,
956,robot,[],,,,
957,robot,[],,,,
958,robot,[],,,,
959,robot,[],,,,
960,robot,[],,,,
961,robot,[],,,,
962,robot,[],,,,
963,robot,[],,,,
964,robot,[],,,,
965,robot,[],,,,
966,robot,[],,,,
967,robot,[],,,,
968,robot,[],,,,
969,robot,[],,,,
970,robot,[],,,,
971,robot,[],,,,
972,robot,[],,,,
973,robot,[],,,,
974,robot,[],,,,
975,robot,[],,,,
976,robot,[],,,,
977,robot,[],,,,
978,robot,[],,,,
979,robot,[],,,,
980,robot,[],,,,
981,robot,[],,,,
982,robot,[],,,,
983,robot,[],,,,
984,robot,[],,,,
985,robot,[],,,,
986,robot,[],,,,
987,robot,[],,,,
988,robot,[],,,,
989,robot,[],,,,
990,robot,[],,,,
991,robot,[],,,,
992,robot,[],,,,
993,robot,[],,,,
994,robot,[],,,,
995,robot,[],,,,
996,robot,[],,,,
997,robot,[],,,,
998,robot,[],,,,
999,robot,[],,,,
1000,robot,[],,,,
1001,robot,[],,,,
1002,robot,[],,,,
1003,robot,[],,,,
1004,robot,[],,,,
1005,robot,[],,,,
1006,robot,[],,,,
1007,robot,[],,,,
1008,robot,[],,,,
1009,robot,[],,,,
1010,robot,[],,,,
1011,robot,[],,,,
1012,robot,[],,,,
1013,robot,[],,,,
1014,robot,[],,,,
1015,robot,[],,,,
1016,robot,[],,,,
1017,robot,[],,,,
1018,robot,[],,,,
1019,robot,[],,,,
1020,robot,[],,,,
1021,robot,[],,,,
1022,robot,[],,,,
1023,robot,[],,,,
1024,robot,[],,,,
1025,robot,[],,,,
1026,robot,[],,,,
1027,robot,[],,,,
1028,robot,[],,,,
1029,robot,[],,,,
1030,robot,[],,,,
1031,robot,[],,,,
1032,robot,[],,,,
1033,robot,[],,,,
1034,robot,[],,,,
1035,robot,[],,,,
1036,robot,[],,,,
1037,robot,[],,,,
1038,robot,[],,,,
1039,robot,[],,,,
1040,robot,[],,,,
1041,robot,[],,,,
1042,robot,[],,,,
1043,robot,[],,,,
1044,robot,[],,,,
1045,robot,[],,,,
1046,robot,[],,,,
1047,robot,[],,,,
1048,robot,[],,,,
1049,robot,[],,,,
1050,robot,[],,,,
1051,robot,[],,,,
1052,robot,[],,,,
1053,robot,[],,,,
1054,robot,[],,,,
1055,robot,[],,,,
1056,robot,[],,,,
1057,robot,[],,,,
1058,robot,[],,,,
1059,robot,[],,,,
1060,robot,[],,,,
1061,robot,[],,,,
1062,robot,[],,,,
1063,robot,[],,,,
1064,robot,[],,,,
1065,robot,[],,,,
1066,robot,[],,,,
1067,robot,[],,,,
1068,robot,[],,,,
1069,robot,[],,,,
1070,robot,[],,,,
1071,robot,[],,,,
1072,robot,[],,,,
1073,robot,[],,,,
1074,robot,[],,,,
1075,robot,[],,,,
1076,robot,[],,,,
1077,robot,[],,,,
1078,robot,[],,,,
1079,robot,[],,,,
1080,robot,[],,,,
1081,robot,[],,,,
1082,robot,[],,,,
1083,robot,[],,,,
1084,robot,[],,,,
1085,robot,[],,,,
1086,robot,[],,,,
1087,robot,[],,,,
1088,robot,[],,,,
1089,robot,[],,,,
1090,robot,[],,,,
1091,robot,[],,,,
1092,robot,[],,,,
1093,robot,[],,,,
1094,robot,[],,,,
1095,robot,[],,,,
1096,robot,[],,,,
1097,robot,[],,,,
1098,robot,[],,,,
1099,robot,[],,,,
1100,robot,[],,,,
1101,robot,[],,,,
1102,robot,[],,,,
1103,robot,[],,,,
1104,robot,[],,,,
1105,robot,[],,,,
1106,robot,[],,,,
1107,robot,[],,,,
1108,robot,[],,,,
1109,robot,[],,,,
1110,robot,[],,,,
1111,robot,[],,,,
1112,robot,[],,,,
1113,robot,[],,,,
1114,robot,[],,,,
1115,robot,[],,,,
1116,robot,[],,,,
1117,robot,[],,,,
1118,robot,[],,,,
1119,robot,[],,,,
1120,robot,[],,,,
1121,robot,[],,,,
1122,robot,[],,,,
1123,robot,[],,,,
1124,robot,[],,,,
1125,robot,[],,,,
1126,robot,[],,,,
1127,robot,[],,,,
1128,robot,[],,,,
1129,robot,[],,,,
1130,robot,[],,,,
1131,robot,[],,,,
1132,robot,[],,,,
1133,robot,[],,,,
1134,robot,[],,,,
1135,robot,[],,,,
1136,robot,[],,,,
1137,robot,[],,,,
1138,robot,[],,,,
1139,robot,[],,,,
1140,robot,[],,,,
1141,robot,[],,,,
1142,robot,[],,,,
1143,robot,[],,,,
1144,robot,[],,,,
1145,robot,[],,,,
1146,robot,[],,,,
1147,robot,[],,,,
1148,robot,[],,,,
1149,robot,[],,,,
1150,robot,[],,,,
1151,robot,[],,,,
1152,robot,[],,,,
1153,robot,[],,,,
1154,robot,[],,,,
1155,robot,[],,,,
1156,robot,[],,,,
1157,robot,[],,,,
1158,robot,[],,,,
1159,robot,[],,,,
1160,robot,[],,,,
1161,robot,[],,,,
1162,robot,[],,,,
1163,robot,[],,,,
1164,robot,[],,,,
1165,robot,[],,,,
1166,robot,[],,,,
1167,robot,[],,,,
1168,robot,[],,,,
1169,robot,[],,,,
1170,robot,[],,,,
1171,robot,[],,,,
1172,robot,[],,,,
1173,robot,[],,,,
1174,robot,[],,,,
1175,robot,[],,,,
1176,robot,[],,,,
1177,robot,[],,,,
1178,robot,[],,,,
1179,robot,[],,,,
1180,robot,[],,,,
1181,robot,[],,,,
1182,robot,[],,,,
1183,robot,[],,,,
1184,robot,[],,,,
1185,robot,[],,,,
1186,robot,[],,,,
1187,robot,[],,,,
1188,robot,[],,,,
1189,robot,[],,,,
1190,robot,[],,,,
1191,robot,[],,,,
1192,robot,[],,,,
1193,robot,[],,,,
1194,robot,[],,,,
1195,robot,[],,,,
1196,robot,[],,,,
1197,robot,[],,,,
1198,robot,[],,,,
1199,robot,[],,,,
1200,robot,[],,,,
1201,robot,[],,,,
1202,robot,[],,,,
1203,robot,[],,,,
1204,robot,[],,,,
1205,robot,[],,,,
1206,robot,[],,,,
1207,robot,[],,,,
1208,robot,[],,,,
1209,robot,[],,,,
1210,robot,[],,,,
1211,robot,[],,,,
1212,robot,[],,,,
1213,robot,[],,,,
1214,robot,[],,,,
1215,robot,[],,,,
1216,robot,[],,,,
1217,robot,[],,,,
1218,robot,[],,,,
1219,robot,[],,,,
1220,robot,[],,,,
1221,robot,[],,,,
1222,robot,[],,,,
1223,robot,[],,,,
1224,robot,[],,,,
1225,robot,[],,,,
1226,robot,[],,,,
1227,robot,[],,,,
1228,robot,[],,,,
1229,robot,[],,,,
1230,robot,[],,,,
1231,robot,[],,,,
1232,robot,[],,,,
1233,robot,[],,,,
1234,robot,"[(6, 'sheep', [1016, 702, 1041, 769])]",,,,0
1235,robot,"[(6, 'sheep', [1014, 702, 1040, 768])]",,,,0
1236,robot,[],,,,
1237,robot,[],,,,
1238,robot,[],,,,
1239,robot,[],,,,
1240,robot,[],,,,
1241,robot,[],,,,
1242,robot,[],,,,
1243,robot,[],,,,
1244,robot,[],,,,
1245,robot,[],,,,
1246,robot,[],,,,
1247,robot,[],,,,
1248,robot,[],,,,
1249,robot,[],,,,
1250,robot,[],,,,
1251,robot,[],,,,
1252,robot,[],,,,
1253,robot,[],,,,
1254,robot,[],,,,
1255,robot,[],,,,
1256,robot,[],,,,
1257,robot,[],,,,
1258,robot,[],,,,
1259,robot,[],,,,
1260,robot,[],,,,
1261,robot,[],,,,
1262,robot,[],,,,
1263,robot,[],,,,
1264,robot,[],,,,
1265,robot,[],,,,
1266,robot,[],,,,
1267,robot,[],,,,
1268,robot,[],,,,
1269,robot,[],,,,
1270,robot,[],,,,
1271,robot,[],,,,
1272,robot,[],,,,
1273,robot,[],,,,
1274,robot,[],,,,
1275,robot,[],,,,
1276,robot,[],,,,
1277,robot,[],,,,
1278,robot,[],,,,
1279,robot,[],,,,
1280,robot,[],,,,
1281,robot,[],,,,
1282,robot,[],,,,
1283,robot,[],,,,
1284,robot,[],,,,
1285,robot,[],,,,
1286,robot,[],,,,
1287,robot,[],,,,
1288,robot,[],,,,
1289,robot,[],,,,
1290,robot,[],,,,
1291,robot,[],,,,
1292,robot,[],,,,
1293,robot,[],,,,
1294,robot,[],,,,
1295,robot,[],,,,
1296,robot,[],,,,
1297,robot,[],,,,
1298,robot,[],,,,
1299,robot,[],,,,
1300,robot,[],,,,
1301,robot,[],,,,
1302,robot,[],,,,
1303,robot,[],,,,
1304,robot,[],,,,
1305,robot,[],,,,
1306,robot,[],,,,
1307,robot,[],,,,
1308,robot,[],,,,
1309,robot,[],,,,
1310,robot,[],,,,
1311,robot,[],,,,
1312,robot,[],,,,
1313,robot,[],,,,
1314,robot,[],,,,
1315,robot,[],,,,
1316,robot,[],,,,
1317,robot,[],,,,
1318,robot,[],,,,
1319,robot,[],,,,
1320,robot,[],,,,
1321,robot,[],,,,
1322,robot,[],,,,
1323,robot,[],,,,
1324,robot,[],,,,
1325,robot,[],,,,
1326,robot,[],,,,
1327,robot,[],,,,
1328,robot,[],,,,
1329,robot,[],,,,
1330,robot,[],,,,
1331,robot,[],,,,
1332,robot,[],,,,
1333,robot,[],,,,
1334,robot,[],,,,
1335,robot,[],,,,
1336,robot,[],,,,
1337,robot,[],,,,
1338,robot,[],,,,
1339,robot,[],,,,
1340,robot,[],,,,
1341,robot,[],,,,
1342,robot,[],,,,
1343,robot,[],,,,
1344,robot,[],,,,
1345,robot,[],,,,
1346,robot,[],,,,
1347,robot,[],,,,
1348,robot,[],,,,
1349,robot,[],,,,
1350,robot,[],,,,
1351,robot,[],,,,
1352,robot,[],,,,
1353,robot,[],,,,
1354,robot,[],,,,
1355,robot,[],,,,
1356,robot,[],,,,
1357,robot,[],,,,
1358,robot,[],,,,
1359,robot,[],,,,
1360,robot,[],,,,
1361,robot,[],,,,
1362,robot,[],,,,
1363,robot,[],,,,
1364,robot,[],,,,
1365,robot,[],,,,
1366,robot,[],,,,
1367,robot,[],,,,
1368,robot,[],,,,
1369,robot,[],,,,
1370,robot,[],,,,
1371,robot,[],,,,
1372,robot,[],,,,
1373,robot,[],,,,
1374,robot,[],,,,
1375,robot,[],,,,
1376,robot,[],,,,
1377,robot,"[(7, 'dog', [549, 756, 629, 807])]",,,,
1378,robot,"[(7, 'dog', [548, 756, 628, 807])]",,,,
1379,robot,"[(7, 'dog', [545, 755, 628, 807])]",,,,
1380,robot,"[(7, 'dog', [544, 755, 621, 807])]",,,,
1381,robot,"[(7, 'dog', [544, 756, 614, 802])]",,,,
1382,robot,[],,,,
1383,robot,[],,,,
1384,robot,[],,,,
1385,robot,[],,,,
1386,robot,[],,,,
1387,robot,[],,,,
1388,robot,[],,,,
1389,robot,[],,,,
1390,robot,[],,,,
1391,robot,[],,,,
1392,robot,[],,,,
1393,robot,[],,,,
1394,robot,[],,,,
1395,robot,"[(7, 'dog', [520, 754, 592, 809])]",,,,
1396,robot,"[(7, 'dog', [519, 754, 590, 809])]",,,,
1397,robot,"[(7, 'dog', [516, 753, 588, 808])]",,,,
1398,robot,"[(7, 'dog', [514, 752, 586, 807])]",,,,
1399,robot,"[(7, 'dog', [513, 753, 583, 806])]",,,,
1400,robot,"[(7, 'dog', [511, 753, 581, 802])]",,,,
1401,robot,"[(7, 'dog', [509, 752, 577, 801])]",,,,
1402,robot,"[(7, 'dog', [507, 752, 575, 801])]",,,,
1403,robot,"[(7, 'sheep', [505, 753, 573, 801])]",,,,0
1404,robot,"[(7, 'sheep', [503, 754, 572, 801])]",,,,0
1405,robot,"[(7, 'sheep', [502, 754, 571, 802])]",,,,0
1406,robot,"[(7, 'dog', [500, 754, 570, 803])]",,,,
1407,robot,"[(7, 'dog', [498, 754, 568, 804])]",,,,
1408,robot,"[(7, 'sheep', [496, 753, 566, 803])]",,,,0
1409,robot,"[(7, 'dog', [494, 752, 563, 802])]",,,,
1410,robot,"[(7, 'dog', [493, 752, 560, 800])]",,,,
1411,robot,"[(7, 'dog', [492, 751, 559, 800])]",,,,
1412,robot,"[(7, 'dog', [490, 751, 558, 800])]",,,,
1413,robot,"[(7, 'dog', [489, 751, 557, 800])]",,,,
1414,robot,[],,,,
1415,robot,"[(7, 'dog', [485, 750, 554, 798])]",,,,
1416,robot,[],,,,
1417,robot,[],,,,
1418,robot,[],,,,
1419,robot,"[(7, 'dog', [478, 747, 545, 798])]",,,,
1420,robot,[],,,,
1421,robot,[],,,,
1422,robot,[],,,,
1423,robot,"[(7, 'dog', [472, 745, 538, 795])]",,,,
1424,robot,"[(7, 'dog', [470, 744, 537, 793])]",,,,
1425,robot,"[(7, 'dog', [469, 744, 537, 794])]",,,,
1426,robot,[],,,,
1427,robot,[],,,,
1428,robot,[],,,,
1429,robot,[],,,,
1430,robot,"[(7, 'sheep', [460, 739, 532, 790])]",,,,0
1431,robot,"[(7, 'sheep', [459, 738, 530, 789])]",,,,0
1432,robot,"[(7, 'sheep', [457, 738, 528, 787])]",,,,0
1433,robot,"[(7, 'dog', [456, 736, 527, 787])]",,,,
1434,robot,[],,,,
1435,robot,"[(7, 'dog', [455, 736, 522, 785])]",,,,
1436,robot,"[(7, 'dog', [454, 736, 520, 785])]",,,,
1437,robot,"[(7, 'dog', [453, 735, 518, 784])]",,,,
1438,robot,"[(7, 'dog', [451, 734, 518, 784])]",,,,
1439,robot,"[(7, 'dog', [449, 733, 516, 783])]",,,,
1440,robot,"[(7, 'sheep', [448, 733, 514, 781])]",,,,0
1441,robot,"[(7, 'sheep', [446, 732, 513, 781])]",,,,0
1442,robot,"[(7, 'sheep', [445, 730, 511, 777])]",,,,0
1443,robot,"[(7, 'sheep', [444, 729, 510, 775])]",,,,0
1444,robot,"[(7, 'sheep', [443, 728, 509, 772])]",,,,0
1445,robot,[],,,,
1446,robot,"[(7, 'sheep', [439, 727, 506, 773])]",,,,0
1447,robot,"[(7, 'sheep', [437, 727, 507, 773])]",,,,0
1448,robot,"[(7, 'sheep', [436, 725, 505, 774])]",,,,0
1449,robot,"[(7, 'sheep', [436, 725, 505, 773])]",,,,0
1450,robot,"[(7, 'sheep', [435, 724, 504, 773])]",,,,0
1451,robot,"[(7, 'sheep', [433, 723, 504, 773])]",,,,0
1452,robot,"[(7, 'sheep', [432, 722, 499, 771])]",,,,0
1453,robot,"[(7, 'sheep', [431, 721, 497, 769])]",,,,0
1454,robot,"[(7, 'sheep', [430, 720, 494, 767])]",,,,0
1455,robot,[],,,,
1456,robot,"[(7, 'sheep', [427, 719, 491, 763])]",,,,0
1457,robot,"[(7, 'sheep', [426, 718, 490, 761])]",,,,0
1458,robot,"[(7, 'sheep', [425, 717, 488, 761])]",,,,0
1459,robot,"[(7, 'sheep', [425, 717, 489, 762])]",,,,0
1460,robot,"[(7, 'sheep', [424, 716, 490, 764])]",,,,0
1461,robot,[],,,,
1462,robot,[],,,,
1463,robot,"[(7, 'sheep', [420, 714, 484, 761])]",,,,0
1464,robot,[],,,,
1465,robot,[],,,,
1466,robot,[],,,,
1467,robot,"[(7, 'sheep', [415, 711, 481, 758])]",,,,0
1468,robot,"[(7, 'sheep', [413, 711, 479, 758])]",,,,0
1469,robot,[],,,,
1470,robot,[],,,,
1471,robot,[],,,,
1472,robot,[],,,,
1473,robot,[],,,,
1474,robot,[],,,,
1475,robot,[],,,,
1476,robot,[],,,,
1477,robot,[],,,,
1478,robot,[],,,,
1479,robot,[],,,,
1480,robot,[],,,,
1481,robot,[],,,,
1482,robot,[],,,,
1483,robot,[],,,,
1484,robot,[],,,,
1485,robot,[],,,,
1486,robot,[],,,,
1487,robot,[],,,,
1488,robot,[],,,,
1489,robot,[],,,,
1490,robot,[],,,,
1491,robot,[],,,,
1492,robot,[],,,,
1493,robot,[],,,,
1494,robot,[],,,,
1495,robot,[],,,,
1496,robot,[],,,,
1497,robot,[],,,,
1498,robot,[],,,,
1499,robot,[],,,,
1500,robot,[],,,,
1501,robot,[],,,,
1502,robot,[],,,,
1503,robot,[],,,,
1504,robot,[],,,,
1505,robot,[],,,,
1506,robot,[],,,,
1507,robot,[],,,,
1508,robot,[],,,,
1509,robot,[],,,,
1510,robot,[],,,,
1511,robot,[],,,,
1512,robot,[],,,,
1513,robot,[],,,,
1514,robot,[],,,,
1515,robot,"[(8, 'sheep', [975, 676, 1001, 740])]",,,,0
1516,robot,[],,,,
1517,robot,[],,,,
1518,robot,[],,,,
1519,robot,[],,,,
1520,robot,[],,,,
1521,robot,[],,,,
1522,robot,[],,,,
1523,robot,[],,,,
1524,robot,[],,,,
1525,robot,[],,,,
1526,robot,[],,,,
1527,robot,[],,,,
1528,robot,[],,,,
1529,robot,[],,,,
1530,robot,[],,,,
1531,robot,[],,,,
1532,robot,[],,,,
1533,robot,[],,,,
1534,robot,[],,,,
1535,robot,[],,,,
1536,robot,[],,,,
1537,robot,[],,,,
1538,robot,[],,,,
1539,robot,[],,,,
1540,robot,[],,,,
1541,robot,[],,,,
1542,robot,[],,,,
1543,robot,[],,,,
1544,robot,[],,,,
1545,robot,[],,,,
1546,robot,[],,,,
1547,robot,[],,,,
1548,robot,[],,,,
1549,robot,[],,,,
1550,robot,[],,,,
1551,robot,[],,,,
1552,robot,[],,,,
1553,robot,[],,,,
1554,robot,[],,,,
1555,robot,[],,,,
1556,robot,[],,,,
1557,robot,[],,,,
1558,robot,[],,,,
1559,robot,[],,,,
1560,robot,[],,,,
1561,robot,[],,,,
1562,robot,[],,,,
1563,robot,[],,,,
1564,robot,[],,,,
1565,robot,[],,,,
1566,robot,[],,,,
1567,robot,[],,,,
1568,robot,[],,,,
1569,robot,[],,,,
1570,robot,[],,,,
1571,robot,[],,,,
1572,robot,[],,,,
1573,robot,[],,,,
1574,robot,[],,,,
1575,robot,[],,,,
1576,robot,[],,,,
1577,robot,[],,,,
1578,robot,[],,,,
1579,robot,[],,,,
1580,robot,[],,,,
1581,robot,[],,,,
1582,robot,[],,,,
1583,robot,[],,,,
1584,robot,[],,,,
1585,robot,[],,,,
1586,robot,[],,,,
1587,robot,[],,,,
1588,robot,[],,,,
1589,robot,[],,,,
1590,robot,[],,,,
1591,robot,[],,,,
1592,robot,[],,,,
1593,robot,[],,,,
1594,robot,[],,,,
1595,robot,[],,,,
1596,robot,[],,,,
1597,robot,[],,,,
1598,robot,[],,,,
1599,robot,[],,,,
1600,robot,[],,,,
1601,robot,[],,,,
1602,robot,[],,,,
1603,robot,[],,,,
1604,robot,"[(5, 'sheep', [911, 684, 937, 763])]",,,,0
1605,robot,[],,,,
1606,robot,"[(5, 'sheep', [906, 682, 934, 761])]",,,,0
1607,robot,"[(5, 'sheep', [902, 683, 932, 762])]",,,,0
1608,robot,[],,,,
1609,robot,[],,,,
1610,robot,[],,,,
1611,robot,[],,,,
1612,robot,[],,,,
1613,robot,[],,,,
1614,robot,[],,,,
1615,robot,[],,,,
1616,robot,[],,,,
1617,robot,[],,,,
1618,robot,[],,,,
1619,robot,[],,,,
1620,robot,[],,,,
1621,robot,[],,,,
1622,robot,[],,,,
1623,robot,[],,,,
1624,robot,[],,,,
1625,robot,"[(5, 'sheep', [869, 682, 903, 767])]",,,,0
1626,robot,[],,,,
1627,robot,"[(5, 'sheep', [865, 682, 902, 768])]",,,,0
1628,robot,[],,,,
1629,robot,[],,,,
1630,robot,[],,,,
1631,robot,[],,,,
1632,robot,[],,,,
1633,robot,[],,,,
1634,robot,[],,,,
1635,robot,[],,,,
1636,robot,[],,,,
1637,robot,[],,,,
1638,robot,[],,,,
1639,robot,[],,,,
1640,robot,[],,,,
1641,robot,[],,,,
1642,robot,[],,,,
1643,robot,[],,,,
1644,robot,[],,,,
1645,robot,[],,,,
1646,robot,[],,,,
1647,robot,[],,,,
1648,robot,[],,,,
1649,robot,[],,,,
1650,robot,[],,,,
1651,robot,[],,,,
1652,robot,[],,,,
1653,robot,[],,,,
1654,robot,[],,,,
1655,robot,[],,,,
1656,robot,[],,,,
1657,robot,[],,,,
1658,robot,[],,,,
1659,robot,[],,,,
1660,robot,[],,,,
1661,robot,[],,,,
1662,robot,[],,,,
1663,robot,[],,,,
1664,robot,[],,,,
1665,robot,[],,,,
1666,robot,[],,,,
1667,robot,[],,,,
1668,robot,[],,,,
1669,robot,[],,,,
1670,robot,[],,,,
1671,robot,[],,,,
1672,robot,[],,,,
1673,robot,[],,,,
1674,robot,[],,,,
1675,robot,[],,,,
1676,robot,[],,,,
1677,robot,[],,,,
1678,robot,[],,,,
1679,robot,[],,,,
1680,robot,[],,,,
1681,robot,[],,,,
1682,robot,[],,,,
1683,robot,[],,,,
1684,robot,[],,,,
1685,robot,[],,,,
1686,robot,[],,,,
1687,robot,[],,,,
1688,robot,[],,,,
1689,robot,[],,,,
1690,robot,[],,,,
1691,robot,[],,,,
1692,robot,[],,,,
1693,robot,[],,,,
1694,robot,[],,,,
1695,robot,[],,,,
1696,robot,[],,,,
1697,robot,[],,,,
1698,robot,[],,,,
1699,robot,[],,,,
1700,robot,[],,,,
1701,robot,[],,,,
1702,robot,[],,,,
1703,robot,[],,,,
1704,robot,[],,,,
1705,robot,[],,,,
1706,robot,[],,,,
1707,robot,[],,,,
1708,robot,[],,,,
1709,robot,[],,,,
1710,robot,[],,,,
1711,robot,[],,,,
1712,robot,[],,,,
1713,robot,[],,,,
1714,robot,[],,,,
1715,robot,[],,,,
1716,robot,[],,,,
1717,robot,[],,,,
1718,robot,[],,,,
1719,robot,[],,,,
1720,robot,[],,,,
1721,robot,[],,,,
1722,robot,[],,,,
1723,robot,[],,,,
1724,robot,[],,,,
1725,robot,[],,,,
1726,robot,[],,,,
1727,robot,[],,,,
1728,robot,[],,,,
1729,robot,[],,,,
1730,robot,[],,,,
1731,robot,[],,,,
1732,robot,[],,,,
1733,robot,[],,,,
1734,robot,[],,,,
1735,robot,[],,,,
1736,robot,[],,,,
1737,robot,[],,,,
1738,robot,[],,,,
1739,robot,[],,,,
1740,robot,[],,,,
1741,robot,[],,,,
1742,robot,[],,,,
1743,robot,[],,,,
1744,robot,[],,,,
1745,robot,[],,,,
1746,robot,[],,,,
1747,robot,[],,,,
1748,robot,[],,,,
1749,robot,[],,,,
1750,robot,[],,,,
1751,robot,[],,,,
1752,robot,[],,,,
1753,robot,[],,,,
1754,robot,[],,,,
1755,robot,[],,,,
1756,robot,[],,,,
1757,robot,[],,,,
1758,robot,[],,,,
1759,robot,[],,,,
1760,robot,[],,,,
1761,robot,[],,,,
1762,robot,[],,,,
1763,robot,[],,,,
1764,robot,[],,,,
1765,robot,[],,,,
1766,robot,[],,,,
1767,robot,[],,,,
1768,robot,[],,,,
1769,robot,[],,,,
1770,robot,[],,,,
1771,robot,[],,,,
1772,robot,[],,,,
1773,robot,[],,,,
1774,robot,[],,,,
1775,robot,[],,,,
1776,robot,[],,,,
1777,robot,[],,,,
1778,robot,[],,,,
1779,robot,[],,,,
1780,robot,[],,,,
1781,robot,[],,,,
1782,robot,[],,,,
1783,robot,[],,,,
1784,robot,[],,,,
1785,robot,[],,,,
1786,robot,[],,,,
1787,robot,[],,,,
1788,robot,[],,,,
1789,robot,[],,,,
1790,robot,[],,,,
1791,robot,[],,,,
1792,robot,[],,,,
1793,robot,[],,,,
1794,robot,[],,,,
1795,robot,[],,,,
1796,robot,[],,,,
1797,robot,[],,,,
1798,robot,[],,,,
1799,robot,[],,,,
1800,robot,[],,,,
1801,robot,[],,,,
1802,robot,[],,,,
1803,robot,[],,,,
1804,robot,[],,,,
1805,robot,[],,,,
1806,robot,[],,,,
1807,robot,[],,,,
1808,robot,[],,,,
1809,robot,[],,,,
1810,robot,[],,,,
1811,robot,[],,,,
1812,robot,[],,,,
1813,robot,[],,,,
1814,robot,[],,,,
1815,robot,[],,,,
1816,robot,[],,,,
1817,robot,[],,,,
1818,robot,[],,,,
1819,robot,[],,,,
1820,robot,[],,,,
1821,robot,[],,,,
1822,robot,[],,,,
1823,robot,[],,,,
1824,robot,[],,,,
1825,robot,[],,,,
1826,robot,[],,,,
1827,robot,[],,,,
1828,robot,[],,,,
1829,robot,[],,,,
1830,robot,[],,,,
1831,robot,[],,,,
1832,robot,[],,,,
1833,robot,[],,,,
1834,robot,[],,,,
1835,robot,[],,,,
1836,robot,[],,,,
1837,robot,[],,,,
1838,robot,[],,,,
1839,robot,[],,,,
1840,robot,[],,,,
1841,robot,[],,,,
1842,robot,[],,,,
1843,robot,[],,,,
1844,robot,[],,,,
1845,robot,[],,,,
1846,robot,[],,,,
1847,robot,[],,,,
1848,robot,[],,,,
1849,robot,[],,,,
1850,robot,[],,,,
1851,robot,[],,,,
1852,robot,[],,,,
1853,robot,[],,,,
1854,robot,[],,,,
1855,robot,[],,,,
1856,robot,[],,,,
1857,robot,[],,,,
1858,robot,[],,,,
1859,robot,[],,,,
1860,robot,[],,,,
1861,robot,[],,,,
1862,robot,[],,,,
1863,robot,[],,,,
1864,robot,[],,,,
1865,robot,[],,,,
1866,robot,[],,,,
1867,robot,[],,,,
1868,robot,[],,,,
1869,robot,[],,,,
1870,robot,[],,,,
1871,robot,[],,,,
1872,robot,[],,,,
1873,robot,[],,,,
1874,robot,[],,,,
1875,robot,[],,,,
1876,robot,[],,,,
1877,robot,[],,,,
1878,robot,[],,,,
1879,robot,[],,,,
1880,robot,[],,,,
1881,robot,[],,,,
1882,robot,[],,,,
1883,robot,[],,,,
1884,robot,[],,,,
1885,robot,[],,,,
1886,robot,[],,,,
1887,robot,"[(13, 'sheep', [492, 541, 543, 574])]",,,,0
1888,robot,"[(13, 'sheep', [493, 541, 544, 574])]",,,,0
1889,robot,"[(13, 'sheep', [493, 540, 544, 573])]",,,,0
1890,robot,"[(13, 'sheep', [493, 539, 544, 572])]",,,,0
1891,robot,"[(13, 'sheep', [494, 539, 545, 572])]",,,,0
1892,robot,[],,,,
1893,robot,[],,,,
1894,robot,[],,,,
1895,robot,[],,,,
1896,robot,[],,,,
1897,robot,[],,,,
1898,robot,[],,,,
1899,robot,[],,,,
1900,robot,[],,,,
1901,robot,[],,,,
1902,robot,[],,,,
1903,robot,[],,,,
1904,robot,[],,,,
1905,robot,[],,,,
1906,robot,[],,,,
1907,robot,[],,,,
1908,robot,[],,,,
1909,robot,[],,,,
1910,robot,[],,,,
1911,robot,[],,,,
1912,robot,[],,,,
1913,robot,[],,,,
1914,robot,[],,,,
1915,robot,[],,,,
1916,robot,[],,,,
1917,robot,[],,,,
1918,robot,[],,,,
1919,robot,[],,,,
1920,robot,[],,,,
1921,robot,[],,,,
1922,robot,[],,,,
1923,robot,[],,,,
1924,robot,[],,,,
1925,robot,[],,,,
1926,robot,[],,,,
1927,robot,[],,,,
1928,robot,[],,,,
1929,robot,[],,,,
1930,robot,[],,,,
1931,robot,[],,,,
1932,robot,[],,,,
1933,robot,[],,,,
1934,robot,[],,,,
1935,robot,[],,,,
1936,robot,[],,,,
1937,robot,[],,,,
1938,robot,[],,,,
1939,robot,[],,,,
1940,robot,[],,,,
1941,robot,[],,,,
1942,robot,[],,,,
1943,robot,[],,,,
1944,robot,[],,,,
1945,robot,[],,,,
1946,robot,[],,,,
1947,robot,[],,,,
1948,robot,[],,,,
1949,robot,[],,,,
1950,robot,[],,,,
1951,robot,[],,,,
1952,robot,[],,,,
1953,robot,[],,,,
1954,robot,[],,,,
1955,robot,[],,,,
1956,robot,[],,,,
1957,robot,[],,,,
1958,robot,[],,,,
1959,robot,[],,,,
1960,robot,[],,,,
1961,robot,[],,,,
1962,robot,[],,,,
1963,robot,[],,,,
1964,robot,[],,,,
1965,robot,[],,,,
1966,robot,[],,,,
1967,robot,[],,,,
1968,robot,[],,,,
1969,robot,[],,,,
1970,robot,[],,,,
1971,robot,[],,,,
1972,robot,[],,,,
1973,robot,[],,,,
1974,robot,[],,,,
1975,robot,"[(5, 'sheep', [330, 625, 360, 699])]",,,,0
1976,robot,[],,,,
1977,robot,[],,,,
1978,robot,[],,,,
1979,robot,[],,,,
1980,robot,[],,,,
1981,robot,[],,,,
1982,robot,[],,,,
1983,robot,[],,,,
1984,robot,[],,,,
1985,robot,[],,,,
1986,robot,[],,,,
1987,robot,[],,,,
1988,robot,[],,,,
1989,robot,[],,,,
1990,robot,[],,,,
1991,robot,[],,,,
1992,robot,[],,,,
1993,robot,[],,,,
1994,robot,[],,,,
1995,robot,[],,,,
1996,robot,[],,,,
1997,robot,[],,,,
1998,robot,[],,,,
1999,robot,[],,,,
2000,robot,[],,,,
2001,robot,[],,,,
2002,robot,[],,,,
2003,robot,[],,,,
2004,robot,[],,,,
2005,robot,[],,,,
2006,robot,[],,,,
2007,robot,[],,,,
2008,robot,[],,,,
2009,robot,[],,,,
2010,robot,[],,,,
2011,robot,[],,,,
2012,robot,[],,,,
2013,robot,[],,,,
2014,robot,[],,,,
2015,robot,[],,,,
2016,robot,[],,,,
2017,robot,[],,,,
2018,robot,[],,,,
2019,robot,[],,,,
2020,robot,[],,,,
2021,robot,[],,,,
2022,robot,[],,,,
2023,robot,[],,,,
2024,robot,[],,,,
2025,robot,[],,,,
2026,robot,[],,,,
2027,robot,[],,,,
2028,robot,[],,,,
2029,robot,[],,,,
2030,robot,[],,,,
2031,robot,[],,,,
2032,robot,[],,,,
2033,robot,[],,,,
2034,robot,[],,,,
2035,robot,[],,,,
2036,robot,[],,,,
2037,robot,[],,,,
2038,robot,[],,,,
2039,robot,[],,,,
2040,robot,[],,,,
2041,robot,[],,,,
2042,robot,[],,,,
2043,robot,[],,,,
2044,robot,[],,,,
2045,robot,[],,,,
2046,robot,[],,,,
2047,robot,[],,,,
2048,robot,[],,,,
2049,robot,[],,,,
2050,robot,[],,,,
2051,robot,[],,,,
2052,robot,[],,,,
2053,robot,[],,,,
2054,robot,[],,,,
2055,robot,[],,,,
2056,robot,[],,,,
2057,robot,[],,,,
2058,robot,[],,,,
2059,robot,[],,,,
2060,robot,[],,,,
2061,robot,[],,,,
2062,robot,[],,,,
2063,robot,[],,,,
2064,robot,[],,,,
2065,robot,[],,,,
2066,robot,[],,,,
2067,robot,[],,,,
2068,robot,[],,,,
2069,robot,[],,,,
2070,robot,[],,,,
2071,robot,[],,,,
2072,robot,[],,,,
2073,robot,[],,,,
2074,robot,[],,,,
2075,robot,[],,,,
2076,robot,[],,,,
2077,robot,[],,,,
2078,robot,[],,,,
2079,robot,[],,,,
2080,robot,[],,,,
2081,robot,[],,,,
2082,robot,[],,,,
2083,robot,[],,,,
2084,robot,[],,,,
2085,robot,[],,,,
2086,robot,[],,,,
2087,robot,[],,,,
2088,robot,[],,,,
2089,robot,[],,,,
2090,robot,[],,,,
2091,robot,[],,,,
2092,robot,[],,,,
2093,robot,[],,,,
2094,robot,[],,,,
2095,robot,[],,,,
2096,robot,[],,,,
2097,robot,[],,,,
2098,robot,[],,,,
2099,robot,[],,,,
2100,robot,[],,,,
2101,robot,[],,,,
2102,robot,[],,,,
2103,robot,[],,,,
2104,robot,[],,,,
2105,robot,[],,,,
2106,robot,[],,,,
2107,robot,[],,,,
2108,robot,[],,,,
2109,robot,[],,,,
2110,robot,[],,,,
2111,robot,[],,,,
2112,robot,[],,,,
2113,robot,[],,,,
2114,robot,[],,,,
2115,robot,[],,,,
2116,robot,[],,,,
2117,robot,[],,,,
2118,robot,[],,,,
2119,robot,[],,,,
2120,robot,[],,,,
2121,robot,[],,,,
2122,robot,[],,,,
2123,robot,[],,,,
2124,robot,"[(5, 'sheep', [155, 573, 189, 648])]",,,,0
2125,robot,[],,,,
2126,robot,[],,,,
2127,robot,[],,,,
2128,robot,[],,,,
2129,robot,[],,,,
2130,robot,[],,,,
2131,robot,[],,,,
2132,robot,[],,,,
2133,robot,[],,,,
2134,robot,[],,,,
2135,robot,[],,,,
2136,robot,[],,,,
2137,robot,[],,,,
2138,robot,[],,,,
2139,robot,[],,,,
2140,robot,[],,,,
2141,robot,[],,,,
2142,robot,[],,,,
2143,robot,[],,,,
2144,robot,[],,,,
2145,robot,[],,,,
2146,robot,[],,,,
2147,robot,[],,,,
2148,robot,[],,,,
2149,robot,[],,,,
2150,robot,[],,,,
2151,robot,[],,,,
2152,robot,[],,,,
2153,robot,[],,,,
2154,robot,[],,,,
2155,robot,[],,,,
2156,robot,[],,,,
2157,robot,[],,,,
2158,robot,[],,,,
2159,robot,[],,,,
2160,robot,[],,,,
2161,robot,[],,,,
2162,robot,[],,,,
2163,robot,[],,,,
2164,robot,[],,,,
2165,robot,[],,,,
2166,robot,[],,,,
2167,robot,[],,,,
2168,robot,"[(5, 'sheep', [130, 554, 167, 631]), (18, 'sheep', [348, 542, 375, 604])]",,,,213.8907431377057
2169,robot,"[(5, 'sheep', [130, 552, 168, 632]), (18, 'sheep', [348, 543, 376, 609])]",,,,213.60009363293827
2170,robot,"[(5, 'sheep', [129, 550, 167, 632]), (18, 'sheep', [347, 543, 385, 613])]",,,,218.38727069131113
2171,robot,"[(5, 'sheep', [128, 549, 167, 631]), (18, 'sheep', [347, 543, 389, 614])]",,,,220.7996829707869
2172,robot,"[(5, 'sheep', [128, 548, 166, 630])]",,,,0
2173,robot,"[(5, 'sheep', [127, 548, 165, 629]), (18, 'sheep', [354, 547, 390, 613])]",,,,226.15978864510816
2174,robot,"[(5, 'sheep', [126, 552, 163, 629])]",,,,0
2175,robot,"[(5, 'sheep', [125, 553, 163, 628])]",,,,0
2176,robot,"[(5, 'sheep', [124, 553, 163, 629])]",,,,0
2177,robot,[],,,,
2178,robot,[],,,,
2179,robot,[],,,,
2180,robot,[],,,,
2181,robot,[],,,,
2182,robot,[],,,,
2183,robot,[],,,,
2184,robot,[],,,,
2185,robot,[],,,,
2186,robot,[],,,,
2187,robot,[],,,,
2188,robot,[],,,,
2189,robot,[],,,,
2190,robot,[],,,,
